route_point,x,y
0,0.0,0.0
1,0,0
2,0.0049,0.0213
3,0.0922,0.0475
4,0.2203,0.0882
5,0.3891,0.129
6,0.5725,0.1581
7,0.7209,0.1668
8,0.8374,0.1668
9,0.9451,0.1668
10,1.0295,0.161
11,1.0935,0.1494
12,1.1372,0.1435
13,1.1983,0.1348
14,1.2391,0.1348
15,1.2536,0.1697
16,1.242,0.2076
17,1.2303,0.2483
18,1.2245,0.292
19,1.2158,0.3386
20,1.21,0.3735
21,1.2041,0.4346
22,1.1954,0.4725
23,1.1896,0.5103
24,1.1808,0.5511
25,1.1721,0.5947
26,1.1605,0.6355
27,1.1546,0.6704
28,1.143,0.7111
29,1.1285,0.7548
30,1.1139,0.7985
31,1.1052,0.8421
32,1.1168,0.8829
33,1.1314,0.9178
34,1.1488,0.9586
35,1.1605,0.9964
36,1.1605,1.0372
37,1.1954,1.0313
38,1.242,1.0226
39,1.3002,1.011
40,1.37,0.9935
41,1.4399,0.976
42,1.5127,0.9586
43,1.5709,0.9411
44,1.6116,0.9265
45,1.6495,0.9178
46,1.6961,0.9062
47,1.731,0.9003
48,1.7659,0.9062
49,1.795,0.9353
50,1.827,0.9615
51,1.8532,0.9877
52,1.8823,1.011
53,1.9144,1.0372
54,1.9464,1.0604
55,1.9842,1.0954
56,2.0133,1.1594
57,2.0279,1.2089
58,2.0366,1.2642
59,2.0424,1.3224
60,2.0483,1.3865
61,2.0512,1.4505
62,2.0541,1.5087
63,2.0541,1.5524
64,2.0541,1.6135
65,2.0512,1.6601
66,2.0279,1.695
67,1.9959,1.7299
68,1.9377,1.7561
69,1.9027,1.7823
70,1.8678,1.8056
71,1.8212,1.8405
72,1.7863,1.8638
73,1.7543,1.8813
74,1.7252,1.9017
75,1.55,2.05
